Timestamp,UTC,Callsign,Position,Altitude,Speed,Direction
1621754943,2021-05-23T07:29:03Z,RYR1TZ,"37.943665,23.962408",125,145,37
1621754953,2021-05-23T07:29:13Z,RYR1TZ,"37.949295,23.967785",325,161,37
1621754966,2021-05-23T07:29:26Z,RYR1TZ,"37.956924,23.975273",900,156,37
1621754978,2021-05-23T07:29:38Z,RYR1TZ,"37.964096,23.982319",1425,156,37
1621754988,2021-05-23T07:29:48Z,RYR1TZ,"37.96994,23.987888",1775,160,37
1621754995,2021-05-23T07:29:55Z,RYR1TZ,"37.974056,23.991812",2025,160,36
1621755001,2021-05-23T07:30:01Z,RYR1TZ,"37.977676,23.995134",2250,159,36
1621755008,2021-05-23T07:30:08Z,RYR1TZ,"37.98143,23.998699",2475,159,36
1621755020,2021-05-23T07:30:20Z,RYR1TZ,"37.98914,24.005962",2900,162,36
1621755030,2021-05-23T07:30:30Z,RYR1TZ,"37.99498,24.011438",3200,165,36
1621755037,2021-05-23T07:30:37Z,RYR1TZ,"37.999054,24.015295",3425,165,37
1621755043,2021-05-23T07:30:43Z,RYR1TZ,"38.002918,24.01898",3600,169,37
1621755050,2021-05-23T07:30:50Z,RYR1TZ,"38.007568,24.023418",3750,179,36
1621755057,2021-05-23T07:30:57Z,RYR1TZ,"38.012463,24.027996",3850,189,36
1621755063,2021-05-23T07:31:03Z,RYR1TZ,"38.016792,24.032116",3950,199,37
1621755071,2021-05-23T07:31:11Z,RYR1TZ,"38.022537,24.03756",4125,207,37
1621755077,2021-05-23T07:31:17Z,RYR1TZ,"38.02792,24.042326",4350,211,33
1621755085,2021-05-23T07:31:25Z,RYR1TZ,"38.034164,24.047377",4575,216,32
1621755090,2021-05-23T07:31:30Z,RYR1TZ,"38.038952,24.051163",4825,217,32
1621755095,2021-05-23T07:31:35Z,RYR1TZ,"38.042496,24.053982",5000,219,31
1621755112,2021-05-23T07:31:52Z,RYR1TZ,"38.058178,24.066387",5425,246,32
1621755123,2021-05-23T07:32:03Z,RYR1TZ,"38.069687,24.075603",5875,261,32
1621755133,2021-05-23T07:32:13Z,RYR1TZ,"38.080536,24.084311",6275,273,32
1621755144,2021-05-23T07:32:24Z,RYR1TZ,"38.092438,24.093836",6950,276,32
1621755159,2021-05-23T07:32:39Z,RYR1TZ,"38.107616,24.106033",7850,276,32
1621755171,2021-05-23T07:32:51Z,RYR1TZ,"38.120697,24.116543",8600,277,32
1621755183,2021-05-23T07:33:03Z,RYR1TZ,"38.134476,24.12747",9300,281,32
1621755193,2021-05-23T07:33:13Z,RYR1TZ,"38.145508,24.136425",9900,282,32
1621755207,2021-05-23T07:33:27Z,RYR1TZ,"38.161331,24.149059",10525,290,32
1621755219,2021-05-23T07:33:39Z,RYR1TZ,"38.175442,24.160309",10725,311,32
1621755232,2021-05-23T07:33:52Z,RYR1TZ,"38.19191,24.173487",10950,332,32
1621755244,2021-05-23T07:34:04Z,RYR1TZ,"38.207657,24.186102",11400,341,32
1621755253,2021-05-23T07:34:13Z,RYR1TZ,"38.220474,24.194174",11850,341,22
1621755255,2021-05-23T07:34:15Z,RYR1TZ,"38.223343,24.195417",11925,341,19
1621755256,2021-05-23T07:34:16Z,RYR1TZ,"38.225739,24.196337",12000,342,16
1621755259,2021-05-23T07:34:19Z,RYR1TZ,"38.229069,24.197388",12100,341,13
1621755261,2021-05-23T07:34:21Z,RYR1TZ,"38.233353,24.198402",12225,342,10
1621755262,2021-05-23T07:34:22Z,RYR1TZ,"38.23489,24.198702",12275,342,9
1621755263,2021-05-23T07:34:23Z,RYR1TZ,"38.236423,24.19894",12325,342,9
1621755265,2021-05-23T07:34:25Z,RYR1TZ,"38.239079,24.199238",12425,341,6
1621755266,2021-05-23T07:34:26Z,RYR1TZ,"38.240021,24.199375",12450,341,5
1621755268,2021-05-23T07:34:28Z,RYR1TZ,"38.243641,24.199537",12575,340,3
1621755269,2021-05-23T07:34:29Z,RYR1TZ,"38.245056,24.199551",12625,341,2
1621755271,2021-05-23T07:34:31Z,RYR1TZ,"38.249039,24.199551",12775,340,3
1621755272,2021-05-23T07:34:32Z,RYR1TZ,"38.249832,24.199478",12800,340,359
1621755274,2021-05-23T07:34:34Z,RYR1TZ,"38.252953,24.199238",12925,340,357
1621755277,2021-05-23T07:34:37Z,RYR1TZ,"38.257874,24.198614",13075,339,354
1621755278,2021-05-23T07:34:38Z,RYR1TZ,"38.258743,24.198498",13125,339,354
1621755279,2021-05-23T07:34:39Z,RYR1TZ,"38.261078,24.19809",13200,340,353
1621755280,2021-05-23T07:34:40Z,RYR1TZ,"38.263367,24.197739",13275,339,352
1621755283,2021-05-23T07:34:43Z,RYR1TZ,"38.26712,24.197153",13400,340,352
1621755284,2021-05-23T07:34:44Z,RYR1TZ,"38.268539,24.19692",13450,340,352
1621755286,2021-05-23T07:34:46Z,RYR1TZ,"38.272598,24.196253",13575,341,353
1621755289,2021-05-23T07:34:49Z,RYR1TZ,"38.276974,24.195597",13725,341,353
1621755290,2021-05-23T07:34:50Z,RYR1TZ,"38.277832,24.195518",13750,341,353
1621755292,2021-05-23T07:34:52Z,RYR1TZ,"38.28186,24.194933",13900,342,353
1621755293,2021-05-23T07:34:53Z,RYR1TZ,"38.282745,24.194761",13925,342,353
1621755296,2021-05-23T07:34:56Z,RYR1TZ,"38.288086,24.193998",14100,342,353
1621755327,2021-05-23T07:35:27Z,RYR1TZ,"38.336651,24.187595",15575,350,354
1621755360,2021-05-23T07:36:00Z,RYR1TZ,"38.391632,24.180616",17125,359,354
1621755392,2021-05-23T07:36:32Z,RYR1TZ,"38.445282,24.173862",18675,362,354
1621755453,2021-05-23T07:37:33Z,RYR1TZ,"38.549057,24.160368",21125,378,354
1621755515,2021-05-23T07:38:35Z,RYR1TZ,"38.659607,24.146038",23475,392,354
1621755576,2021-05-23T07:39:36Z,RYR1TZ,"38.771683,24.131348",25525,404,354
1621755638,2021-05-23T07:40:38Z,RYR1TZ,"38.887619,24.116125",27350,417,354
1621755699,2021-05-23T07:41:39Z,RYR1TZ,"39.006447,24.100525",29100,424,354
1621755760,2021-05-23T07:42:40Z,RYR1TZ,"39.127213,24.084658",30775,429,354
1621755821,2021-05-23T07:43:41Z,RYR1TZ,"39.246048,24.068954",32575,426,354
1621755882,2021-05-23T07:44:42Z,RYR1TZ,"39.366989,24.052954",34175,424,354
1621755944,2021-05-23T07:45:44Z,RYR1TZ,"39.486694,24.037012",35600,422,354
1621756005,2021-05-23T07:46:45Z,RYR1TZ,"39.604549,24.021423",36975,418,354
1621756066,2021-05-23T07:47:46Z,RYR1TZ,"39.720791,24.005859",38000,413,354
1621756127,2021-05-23T07:48:47Z,RYR1TZ,"39.836655,23.990141",38000,412,354
1621756188,2021-05-23T07:49:48Z,RYR1TZ,"39.952332,23.97467",38000,410,354
1621756250,2021-05-23T07:50:50Z,RYR1TZ,"40.069244,23.95874",38000,408,353
1621756310,2021-05-23T07:51:50Z,RYR1TZ,"40.181946,23.943542",38000,406,354
1621756372,2021-05-23T07:52:52Z,RYR1TZ,"40.297665,23.927786",38000,405,354
1621756432,2021-05-23T07:53:52Z,RYR1TZ,"40.410088,23.912493",38000,405,354
1621756496,2021-05-23T07:54:56Z,RYR1TZ,"40.527557,23.896484",38000,406,355
1621756516,2021-05-23T07:55:16Z,RYR1TZ,"40.566643,23.89695",38000,412,4
1621756517,2021-05-23T07:55:17Z,RYR1TZ,"40.567436,23.897074",38000,412,4
1621756519,2021-05-23T07:55:19Z,RYR1TZ,"40.572876,23.897766",38000,412,5
1621756522,2021-05-23T07:55:22Z,RYR1TZ,"40.577816,23.89851",38000,413,6
1621756523,2021-05-23T07:55:23Z,RYR1TZ,"40.579926,23.898865",38000,413,6
1621756524,2021-05-23T07:55:24Z,RYR1TZ,"40.58075,23.898987",38000,414,7
1621756528,2021-05-23T07:55:28Z,RYR1TZ,"40.58876,23.900574",38000,415,9
1621756529,2021-05-23T07:55:29Z,RYR1TZ,"40.590729,23.901001",38000,415,9
1621756590,2021-05-23T07:56:30Z,RYR1TZ,"40.705696,23.934153",38000,418,12
1621756651,2021-05-23T07:57:31Z,RYR1TZ,"40.822128,23.968262",38000,419,12
1621756712,2021-05-23T07:58:32Z,RYR1TZ,"40.936596,24.001944",38000,419,12
1621756772,2021-05-23T07:59:32Z,RYR1TZ,"41.051533,24.035839",38000,419,12
1621756838,2021-05-23T08:00:38Z,RYR1TZ,"41.174789,24.07251",38000,420,12
1621756901,2021-05-23T08:01:41Z,RYR1TZ,"41.294487,24.108",38000,421,12
1621756967,2021-05-23T08:02:47Z,RYR1TZ,"41.421249,24.145714",38000,425,12
1621757028,2021-05-23T08:03:48Z,RYR1TZ,"41.539719,24.180908",38000,432,12
1621757091,2021-05-23T08:04:51Z,RYR1TZ,"41.663361,24.217987",38000,435,12
1621757152,2021-05-23T08:05:52Z,RYR1TZ,"41.781418,24.253569",38000,433,12
1621757214,2021-05-23T08:06:54Z,RYR1TZ,"41.903046,24.290335",38000,431,12
1621757276,2021-05-23T08:07:56Z,RYR1TZ,"42.023254,24.32679",38000,431,12
1621757338,2021-05-23T08:08:58Z,RYR1TZ,"42.144066,24.363396",38000,428,12
1621757400,2021-05-23T08:10:00Z,RYR1TZ,"42.262665,24.399698",38000,424,12
1621757461,2021-05-23T08:11:01Z,RYR1TZ,"42.380127,24.435654",38000,421,12
1621757524,2021-05-23T08:12:04Z,RYR1TZ,"42.498093,24.471983",38000,421,12
1621757586,2021-05-23T08:13:06Z,RYR1TZ,"42.616745,24.508562",38000,421,12
1621757648,2021-05-23T08:14:08Z,RYR1TZ,"42.734257,24.545757",38000,424,13
1621757710,2021-05-23T08:15:10Z,RYR1TZ,"42.853226,24.583698",38000,424,13
1621757774,2021-05-23T08:16:14Z,RYR1TZ,"42.974464,24.622324",38000,424,13
1621757836,2021-05-23T08:17:16Z,RYR1TZ,"43.093174,24.661102",38000,427,13
1621757897,2021-05-23T08:18:17Z,RYR1TZ,"43.21225,24.701992",38000,429,13
1621757957,2021-05-23T08:19:17Z,RYR1TZ,"43.328018,24.735334",38000,426,12
1621758019,2021-05-23T08:20:19Z,RYR1TZ,"43.446877,24.771749",38000,422,12
1621758084,2021-05-23T08:21:24Z,RYR1TZ,"43.568798,24.809679",38000,420,12
1621758146,2021-05-23T08:22:26Z,RYR1TZ,"43.686157,24.839237",38000,406,2
1621758149,2021-05-23T08:22:29Z,RYR1TZ,"43.69202,24.839499",38000,405,2
1621758150,2021-05-23T08:22:30Z,RYR1TZ,"43.693977,24.83963",38000,405,2
1621758152,2021-05-23T08:22:32Z,RYR1TZ,"43.698257,24.839832",38000,405,2
1621758213,2021-05-23T08:23:33Z,RYR1TZ,"43.811829,24.8459",38425,410,2
1621758276,2021-05-23T08:24:36Z,RYR1TZ,"43.931812,24.852512",39000,411,2
1621758337,2021-05-23T08:25:37Z,RYR1TZ,"44.048447,24.859123",39000,410,2
1621758402,2021-05-23T08:26:42Z,RYR1TZ,"44.17123,24.865919",39000,409,2
1621758463,2021-05-23T08:27:43Z,RYR1TZ,"44.285202,24.872196",39000,409,2
1621758526,2021-05-23T08:28:46Z,RYR1TZ,"44.404922,24.879009",39000,410,2
1621758587,2021-05-23T08:29:47Z,RYR1TZ,"44.521488,24.885574",39000,410,2
1621758649,2021-05-23T08:30:49Z,RYR1TZ,"44.639175,24.89234",39000,411,2
1621758710,2021-05-23T08:31:50Z,RYR1TZ,"44.755089,24.898905",39000,413,2
1621758772,2021-05-23T08:32:52Z,RYR1TZ,"44.873291,24.905613",39000,414,2
1621758833,2021-05-23T08:33:53Z,RYR1TZ,"44.990318,24.912437",39000,415,2
1621758894,2021-05-23T08:34:54Z,RYR1TZ,"45.106979,24.919281",39000,413,2
1621758956,2021-05-23T08:35:56Z,RYR1TZ,"45.225128,24.926104",39000,412,2
1621759017,2021-05-23T08:36:57Z,RYR1TZ,"45.341366,24.932869",39000,412,2
1621759079,2021-05-23T08:37:59Z,RYR1TZ,"45.459961,24.939749",39000,412,2
1621759141,2021-05-23T08:39:01Z,RYR1TZ,"45.577854,24.946724",39000,412,2
1621759206,2021-05-23T08:40:06Z,RYR1TZ,"45.702026,24.953903",39000,414,2
1621759267,2021-05-23T08:41:07Z,RYR1TZ,"45.818855,24.960938",39000,416,2
1621759330,2021-05-23T08:42:10Z,RYR1TZ,"45.940681,24.968079",39000,419,2
1621759390,2021-05-23T08:43:10Z,RYR1TZ,"46.057663,24.97514",39000,422,2
1621759452,2021-05-23T08:44:12Z,RYR1TZ,"46.177074,24.982498",39000,423,2
1621759514,2021-05-23T08:45:14Z,RYR1TZ,"46.299088,24.989742",39000,424,2
1621759575,2021-05-23T08:46:15Z,RYR1TZ,"46.417603,24.99691",39000,425,2
1621759637,2021-05-23T08:47:17Z,RYR1TZ,"46.540043,25.004539",39000,425,2
1621759701,2021-05-23T08:48:21Z,RYR1TZ,"46.666122,25.012251",39000,425,2
1621759762,2021-05-23T08:49:22Z,RYR1TZ,"46.784683,25.019487",39000,424,2
1621759823,2021-05-23T08:50:23Z,RYR1TZ,"46.903427,25.026926",39000,418,2
1621759887,2021-05-23T08:51:27Z,RYR1TZ,"47.027351,25.034603",39000,417,2
1621759949,2021-05-23T08:52:29Z,RYR1TZ,"47.146431,25.041786",39000,415,2
1621760010,2021-05-23T08:53:30Z,RYR1TZ,"47.264069,25.048969",39000,415,2
1621760072,2021-05-23T08:54:32Z,RYR1TZ,"47.384033,25.056793",39000,423,2
1621760133,2021-05-23T08:55:33Z,RYR1TZ,"47.503578,25.064251",39000,424,2
1621760195,2021-05-23T08:56:35Z,RYR1TZ,"47.624084,25.071762",39000,427,2
1621760256,2021-05-23T08:57:36Z,RYR1TZ,"47.745697,25.079323",39000,430,2
1621760319,2021-05-23T08:58:39Z,RYR1TZ,"47.869991,25.087563",39000,431,2
1621760382,2021-05-23T08:59:42Z,RYR1TZ,"47.994705,25.095449",39000,429,2
1621760443,2021-05-23T09:00:43Z,RYR1TZ,"48.115322,25.103548",39000,431,2
1621760503,2021-05-23T09:01:43Z,RYR1TZ,"48.236801,25.111437",39000,433,2
1621760566,2021-05-23T09:02:46Z,RYR1TZ,"48.361862,25.119465",39000,435,2
1621760627,2021-05-23T09:03:47Z,RYR1TZ,"48.484856,25.127466",39000,436,2
1621760690,2021-05-23T09:04:50Z,RYR1TZ,"48.612686,25.135923",39000,441,2
1621760751,2021-05-23T09:05:51Z,RYR1TZ,"48.737213,25.144163",39000,449,2
1621760812,2021-05-23T09:06:52Z,RYR1TZ,"48.864578,25.152775",39000,455,2
1621760873,2021-05-23T09:07:53Z,RYR1TZ,"48.993576,25.161226",39000,460,2
1621760935,2021-05-23T09:08:55Z,RYR1TZ,"49.127151,25.170382",39000,467,2
1621760997,2021-05-23T09:09:57Z,RYR1TZ,"49.260864,25.179256",39000,472,2
1621761059,2021-05-23T09:10:59Z,RYR1TZ,"49.3983,25.188614",39000,477,2
1621761120,2021-05-23T09:12:00Z,RYR1TZ,"49.53093,25.197737",39000,477,2
1621761181,2021-05-23T09:13:01Z,RYR1TZ,"49.664703,25.207047",39000,471,2
1621761244,2021-05-23T09:14:04Z,RYR1TZ,"49.802002,25.216518",39000,472,2
1621761304,2021-05-23T09:15:04Z,RYR1TZ,"49.93396,25.225838",39000,474,2
1621761367,2021-05-23T09:16:07Z,RYR1TZ,"50.071152,25.235378",39000,471,2
1621761428,2021-05-23T09:17:08Z,RYR1TZ,"50.204353,25.244429",39000,473,2
1621761490,2021-05-23T09:18:10Z,RYR1TZ,"50.337891,25.254099",39000,473,2
1621761551,2021-05-23T09:19:11Z,RYR1TZ,"50.472355,25.263729",39000,474,2
1621761612,2021-05-23T09:20:12Z,RYR1TZ,"50.605915,25.273008",39000,473,2
1621761676,2021-05-23T09:21:16Z,RYR1TZ,"50.74498,25.283178",39000,472,2
1621761738,2021-05-23T09:22:18Z,RYR1TZ,"50.878784,25.293051",39000,471,2
1621761798,2021-05-23T09:23:18Z,RYR1TZ,"51.00943,25.302404",39000,470,2
1621761860,2021-05-23T09:24:20Z,RYR1TZ,"51.143219,25.312271",39000,470,2
1621761921,2021-05-23T09:25:21Z,RYR1TZ,"51.277359,25.322298",39000,470,2
1621761983,2021-05-23T09:26:23Z,RYR1TZ,"51.410431,25.331875",39000,470,2
1621762044,2021-05-23T09:27:24Z,RYR1TZ,"51.542908,25.341822",39000,468,2
1621762105,2021-05-23T09:28:25Z,RYR1TZ,"51.674149,25.351694",39000,466,2
1621762166,2021-05-23T09:29:26Z,RYR1TZ,"51.806259,25.36142",39000,464,2
1621762226,2021-05-23T09:30:26Z,RYR1TZ,"51.934021,25.370026",39000,461,359
1621762288,2021-05-23T09:31:28Z,RYR1TZ,"52.064583,25.360605",39000,462,357
1621762350,2021-05-23T09:32:30Z,RYR1TZ,"52.197582,25.351109",39000,462,357
1621762411,2021-05-23T09:33:31Z,RYR1TZ,"52.328159,25.341536",39000,464,357
1621762472,2021-05-23T09:34:32Z,RYR1TZ,"52.459213,25.331879",39000,466,357
1621762533,2021-05-23T09:35:33Z,RYR1TZ,"52.589504,25.322153",39000,468,357
1621762594,2021-05-23T09:36:34Z,RYR1TZ,"52.720829,25.312265",39000,468,357
1621762655,2021-05-23T09:37:35Z,RYR1TZ,"52.853085,25.302298",39000,469,357
1621762717,2021-05-23T09:38:37Z,RYR1TZ,"52.987061,25.292206",39000,470,357
1621762778,2021-05-23T09:39:38Z,RYR1TZ,"53.118851,25.282053",39000,465,357
1621762841,2021-05-23T09:40:41Z,RYR1TZ,"53.254761,25.271458",39000,464,357
1621762904,2021-05-23T09:41:44Z,RYR1TZ,"53.387783,25.261124",39000,462,357
1621762965,2021-05-23T09:42:45Z,RYR1TZ,"53.518616,25.251211",39000,462,357
1621763025,2021-05-23T09:43:45Z,RYR1TZ,"53.646927,25.240932",39000,461,357
1621763088,2021-05-23T09:44:48Z,RYR1TZ,"53.77977,25.230259",39000,461,357
1621763149,2021-05-23T09:45:49Z,RYR1TZ,"53.909912,25.219843",39000,462,357
1621763181,2021-05-23T09:46:21Z,RYR1TZ,"53.977661,25.221548",39025,462,12
1621763182,2021-05-23T09:46:22Z,RYR1TZ,"53.980949,25.222994",39025,463,14
1621763184,2021-05-23T09:46:24Z,RYR1TZ,"53.984619,25.224844",39000,463,16
1621763185,2021-05-23T09:46:25Z,RYR1TZ,"53.985626,25.225393",39000,464,17
1621763188,2021-05-23T09:46:28Z,RYR1TZ,"53.992447,25.22971",39000,465,20
1621763190,2021-05-23T09:46:30Z,RYR1TZ,"53.99622,25.232527",39000,465,24
1621763191,2021-05-23T09:46:31Z,RYR1TZ,"53.998825,25.234627",39000,465,25
1621763193,2021-05-23T09:46:33Z,RYR1TZ,"54.002014,25.237478",39000,466,27
1621763196,2021-05-23T09:46:36Z,RYR1TZ,"54.007393,25.242785",39000,466,31
1621763197,2021-05-23T09:46:37Z,RYR1TZ,"54.009811,25.245451",39000,466,31
1621763199,2021-05-23T09:46:39Z,RYR1TZ,"54.012543,25.248623",39000,467,32
1621763200,2021-05-23T09:46:40Z,RYR1TZ,"54.015305,25.252075",39000,467,36
1621763202,2021-05-23T09:46:42Z,RYR1TZ,"54.017773,25.255386",39000,467,34
1621763205,2021-05-23T09:46:45Z,RYR1TZ,"54.022846,25.262819",39000,468,40
1621763208,2021-05-23T09:46:48Z,RYR1TZ,"54.028244,25.271851",39000,468,44
1621763209,2021-05-23T09:46:49Z,RYR1TZ,"54.02969,25.274532",39000,469,46
1621763211,2021-05-23T09:46:51Z,RYR1TZ,"54.031952,25.278992",39000,468,49
1621763212,2021-05-23T09:46:52Z,RYR1TZ,"54.033463,25.282045",39000,468,50
1621763214,2021-05-23T09:46:54Z,RYR1TZ,"54.036209,25.288095",39000,468,51
1621763215,2021-05-23T09:46:55Z,RYR1TZ,"54.036861,25.289719",39000,468,52
1621763216,2021-05-23T09:46:56Z,RYR1TZ,"54.03804,25.29249",39000,468,54
1621763217,2021-05-23T09:46:57Z,RYR1TZ,"54.039932,25.297232",39000,468,56
1621763220,2021-05-23T09:47:00Z,RYR1TZ,"54.043488,25.307478",39000,468,60
1621763222,2021-05-23T09:47:02Z,RYR1TZ,"54.044636,25.311047",39000,468,62
1621763223,2021-05-23T09:47:03Z,RYR1TZ,"54.046143,25.316031",39000,468,51
1621763225,2021-05-23T09:47:05Z,RYR1TZ,"54.047474,25.321062",39000,467,64
1621763229,2021-05-23T09:47:09Z,RYR1TZ,"54.050995,25.336277",39000,466,70
1621763232,2021-05-23T09:47:12Z,RYR1TZ,"54.052917,25.346951",39000,465,74
1621763235,2021-05-23T09:47:15Z,RYR1TZ,"54.054459,25.358141",39000,465,77
1621763236,2021-05-23T09:47:16Z,RYR1TZ,"54.054829,25.361776",39000,465,78
1621763237,2021-05-23T09:47:17Z,RYR1TZ,"54.055023,25.363743",39000,465,78
1621763238,2021-05-23T09:47:18Z,RYR1TZ,"54.055527,25.369209",39000,464,81
1621763240,2021-05-23T09:47:20Z,RYR1TZ,"54.055901,25.37454",39000,464,82
1621763243,2021-05-23T09:47:23Z,RYR1TZ,"54.056412,25.38682",39000,463,85
1621763245,2021-05-23T09:47:25Z,RYR1TZ,"54.056458,25.392071",39000,463,89
1621763248,2021-05-23T09:47:28Z,RYR1TZ,"54.056305,25.402666",39000,462,91
1621763251,2021-05-23T09:47:31Z,RYR1TZ,"54.055759,25.413801",39000,460,95
1621763252,2021-05-23T09:47:32Z,RYR1TZ,"54.055344,25.419067",39000,460,96
1621763254,2021-05-23T09:47:34Z,RYR1TZ,"54.054874,25.423979",39000,459,98
1621763255,2021-05-23T09:47:35Z,RYR1TZ,"54.054245,25.429661",39000,458,100
1621763259,2021-05-23T09:47:39Z,RYR1TZ,"54.051956,25.444807",39000,456,105
1621763260,2021-05-23T09:47:40Z,RYR1TZ,"54.051617,25.446598",39000,456,106
1621763263,2021-05-23T09:47:43Z,RYR1TZ,"54.049847,25.455322",39000,455,108
1621763264,2021-05-23T09:47:44Z,RYR1TZ,"54.048779,25.460007",39000,454,111
1621763267,2021-05-23T09:47:47Z,RYR1TZ,"54.046635,25.468328",39000,452,114
1621763269,2021-05-23T09:47:49Z,RYR1TZ,"54.044815,25.474705",39000,454,112
1621763270,2021-05-23T09:47:50Z,RYR1TZ,"54.043259,25.47957",39000,451,118
1621763272,2021-05-23T09:47:52Z,RYR1TZ,"54.041702,25.484161",39000,450,120
1621763275,2021-05-23T09:47:55Z,RYR1TZ,"54.038395,25.492886",39000,449,122
1621763277,2021-05-23T09:47:57Z,RYR1TZ,"54.035431,25.499973",39000,448,123
1621763278,2021-05-23T09:47:58Z,RYR1TZ,"54.034718,25.50153",39000,447,126
1621763279,2021-05-23T09:47:59Z,RYR1TZ,"54.033367,25.504519",39000,446,128
1621763281,2021-05-23T09:48:01Z,RYR1TZ,"54.030716,25.509783",39000,446,130
1621763282,2021-05-23T09:48:02Z,RYR1TZ,"54.028885,25.513315",39000,444,131
1621763285,2021-05-23T09:48:05Z,RYR1TZ,"54.024944,25.520189",39000,443,135
1621763288,2021-05-23T09:48:08Z,RYR1TZ,"54.020473,25.527138",39000,441,138
1621763290,2021-05-23T09:48:10Z,RYR1TZ,"54.017578,25.531284",39000,441,139
1621763293,2021-05-23T09:48:13Z,RYR1TZ,"54.012699,25.537558",39000,439,142
1621763294,2021-05-23T09:48:14Z,RYR1TZ,"54.0103,25.540388",39000,438,145
1621763295,2021-05-23T09:48:15Z,RYR1TZ,"54.009476,25.54133",39000,438,145
1621763298,2021-05-23T09:48:18Z,RYR1TZ,"54.004028,25.54698",39000,437,148
1621763299,2021-05-23T09:48:19Z,RYR1TZ,"54.002457,25.548464",39000,437,148
1621763301,2021-05-23T09:48:21Z,RYR1TZ,"53.998718,25.551846",39000,435,151
1621763305,2021-05-23T09:48:25Z,RYR1TZ,"53.991623,25.557339",39000,433,157
1621763306,2021-05-23T09:48:26Z,RYR1TZ,"53.988956,25.559046",39000,435,152
1621763308,2021-05-23T09:48:28Z,RYR1TZ,"53.985992,25.560869",39000,432,160
1621763309,2021-05-23T09:48:29Z,RYR1TZ,"53.983372,25.562359",39000,431,161
1621763311,2021-05-23T09:48:31Z,RYR1TZ,"53.979599,25.564217",39000,431,162
1621763313,2021-05-23T09:48:33Z,RYR1TZ,"53.976608,25.5655",39000,429,165
1621763316,2021-05-23T09:48:36Z,RYR1TZ,"53.969101,25.568089",39000,428,169
1621763317,2021-05-23T09:48:37Z,RYR1TZ,"53.967957,25.568403",39000,428,169
1621763321,2021-05-23T09:48:41Z,RYR1TZ,"53.959579,25.570129",39000,426,173
1621763325,2021-05-23T09:48:45Z,RYR1TZ,"53.952942,25.570993",38950,425,175
1621763326,2021-05-23T09:48:46Z,RYR1TZ,"53.95097,25.571243",38950,425,175
1621763329,2021-05-23T09:48:49Z,RYR1TZ,"53.94516,25.572012",38850,424,175
1621763331,2021-05-23T09:48:51Z,RYR1TZ,"53.941177,25.572641",38725,424,174
1621763332,2021-05-23T09:48:52Z,RYR1TZ,"53.939285,25.573021",38675,424,173
1621763334,2021-05-23T09:48:54Z,RYR1TZ,"53.935329,25.57391",38550,425,172
1621763335,2021-05-23T09:48:55Z,RYR1TZ,"53.933395,25.574368",38475,426,171
1621763336,2021-05-23T09:48:56Z,RYR1TZ,"53.931374,25.574961",38375,427,170
1621763344,2021-05-23T09:49:04Z,RYR1TZ,"53.915726,25.582449",37650,437,159
1621763345,2021-05-23T09:49:05Z,RYR1TZ,"53.913544,25.584007",37550,439,157
1621763346,2021-05-23T09:49:06Z,RYR1TZ,"53.912476,25.584805",37500,439,157
1621763347,2021-05-23T09:49:07Z,RYR1TZ,"53.910469,25.586432",37425,442,154
1621763350,2021-05-23T09:49:10Z,RYR1TZ,"53.904465,25.591925",37225,444,149
1621763351,2021-05-23T09:49:11Z,RYR1TZ,"53.902817,25.593672",37175,445,148
1621763354,2021-05-23T09:49:14Z,RYR1TZ,"53.89769,25.599636",37025,444,149
1621763355,2021-05-23T09:49:15Z,RYR1TZ,"53.895855,25.60186",36975,446,145
1621763356,2021-05-23T09:49:16Z,RYR1TZ,"53.894211,25.604031",36925,447,142
1621763358,2021-05-23T09:49:18Z,RYR1TZ,"53.891785,25.607327",36850,448,140
1621763359,2021-05-23T09:49:19Z,RYR1TZ,"53.889336,25.610909",36750,449,139
1621763360,2021-05-23T09:49:20Z,RYR1TZ,"53.88858,25.611956",36725,449,139
1621763361,2021-05-23T09:49:21Z,RYR1TZ,"53.887009,25.614382",36675,449,138
1621763362,2021-05-23T09:49:22Z,RYR1TZ,"53.885426,25.616886",36600,451,136
1621763365,2021-05-23T09:49:25Z,RYR1TZ,"53.880955,25.624559",36400,452,134
1621763366,2021-05-23T09:49:26Z,RYR1TZ,"53.87883,25.628435",36275,455,132
1621763367,2021-05-23T09:49:27Z,RYR1TZ,"53.878117,25.629892",36250,455,132
1621763368,2021-05-23T09:49:28Z,RYR1TZ,"53.876812,25.632397",36175,456,130
1621763369,2021-05-23T09:49:29Z,RYR1TZ,"53.874664,25.636753",36075,457,129
1621763370,2021-05-23T09:49:30Z,RYR1TZ,"53.873417,25.639423",36000,458,128
1621763371,2021-05-23T09:49:31Z,RYR1TZ,"53.872787,25.640913",35975,458,128
1621763373,2021-05-23T09:49:33Z,RYR1TZ,"53.870499,25.64625",35825,461,125
1621763374,2021-05-23T09:49:34Z,RYR1TZ,"53.868896,25.650173",35725,462,124
1621763376,2021-05-23T09:49:36Z,RYR1TZ,"53.866665,25.655985",35600,464,122
1621763377,2021-05-23T09:49:37Z,RYR1TZ,"53.865463,25.659353",35525,465,121
1621763379,2021-05-23T09:49:39Z,RYR1TZ,"53.863266,25.66592",35375,467,119
1621763380,2021-05-23T09:49:40Z,RYR1TZ,"53.862213,25.669163",35300,467,118
1621763382,2021-05-23T09:49:42Z,RYR1TZ,"53.860615,25.674322",35175,468,118
1621763383,2021-05-23T09:49:43Z,RYR1TZ,"53.859146,25.679287",35075,469,116
1621763384,2021-05-23T09:49:44Z,RYR1TZ,"53.858231,25.682583",35025,470,116
1621763385,2021-05-23T09:49:45Z,RYR1TZ,"53.857681,25.684465",35000,470,116
1621763386,2021-05-23T09:49:46Z,RYR1TZ,"53.856857,25.687368",34925,470,115
1621763388,2021-05-23T09:49:48Z,RYR1TZ,"53.854431,25.695845",34750,470,115
1621763389,2021-05-23T09:49:49Z,RYR1TZ,"53.853539,25.699041",34700,470,115
1621763391,2021-05-23T09:49:51Z,RYR1TZ,"53.85149,25.705988",34575,472,116
1621763392,2021-05-23T09:49:52Z,RYR1TZ,"53.851044,25.707458",34550,471,116
1621763453,2021-05-23T09:50:53Z,RYR1TZ,"53.790573,25.907803",31250,460,117
1621763515,2021-05-23T09:51:55Z,RYR1TZ,"53.729942,26.102951",26825,463,117
1621763576,2021-05-23T09:52:56Z,RYR1TZ,"53.669609,26.294161",22975,443,118
1621763595,2021-05-23T09:53:15Z,RYR1TZ,"53.649593,26.347799",21800,435,129
1621763599,2021-05-23T09:53:19Z,RYR1TZ,"53.643448,26.359026",21550,432,133
1621763600,2021-05-23T09:53:20Z,RYR1TZ,"53.642189,26.36113",21500,432,133
1621763602,2021-05-23T09:53:22Z,RYR1TZ,"53.64006,26.364912",21400,431,134
1621763604,2021-05-23T09:53:24Z,RYR1TZ,"53.637676,26.368965",21300,429,134
1621763605,2021-05-23T09:53:25Z,RYR1TZ,"53.635021,26.373489",21175,429,134
1621763610,2021-05-23T09:53:30Z,RYR1TZ,"53.629108,26.383345",20900,428,135
1621763612,2021-05-23T09:53:32Z,RYR1TZ,"53.625549,26.389395",20725,428,134
1621763615,2021-05-23T09:53:35Z,RYR1TZ,"53.621429,26.396269",20550,427,135
1621763617,2021-05-23T09:53:37Z,RYR1TZ,"53.618637,26.40093",20400,427,135
1621763619,2021-05-23T09:53:39Z,RYR1TZ,"53.616493,26.404509",20300,427,135
1621763681,2021-05-23T09:54:41Z,RYR1TZ,"53.530197,26.548777",15950,419,135
1621763712,2021-05-23T09:55:12Z,RYR1TZ,"53.488335,26.618015",14100,408,135
1621763745,2021-05-23T09:55:45Z,RYR1TZ,"53.444733,26.691284",12375,400,134
1621763776,2021-05-23T09:56:16Z,RYR1TZ,"53.403843,26.760433",11100,391,134
1621763789,2021-05-23T09:56:29Z,RYR1TZ,"53.388885,26.786238",10875,380,133
1621763801,2021-05-23T09:56:41Z,RYR1TZ,"53.374466,26.81127",10625,369,134
1621763814,2021-05-23T09:56:54Z,RYR1TZ,"53.358921,26.838146",10200,360,133
1621763825,2021-05-23T09:57:05Z,RYR1TZ,"53.346771,26.85939",9925,352,133
1621763836,2021-05-23T09:57:16Z,RYR1TZ,"53.333771,26.882368",9650,342,133
1621763849,2021-05-23T09:57:29Z,RYR1TZ,"53.320404,26.906145",9300,333,133
1621763860,2021-05-23T09:57:40Z,RYR1TZ,"53.308548,26.927176",9050,326,133
1621763873,2021-05-23T09:57:53Z,RYR1TZ,"53.296188,26.948992",8950,311,133
1621763884,2021-05-23T09:58:04Z,RYR1TZ,"53.285568,26.969082",8850,300,127
1621763887,2021-05-23T09:58:07Z,RYR1TZ,"53.283371,26.974575",8825,299,122
1621763889,2021-05-23T09:58:09Z,RYR1TZ,"53.281597,26.979755",8825,298,119
1621763890,2021-05-23T09:58:10Z,RYR1TZ,"53.281219,26.981009",8825,298,117
1621763893,2021-05-23T09:58:13Z,RYR1TZ,"53.279526,26.987131",8800,297,113
1621763896,2021-05-23T09:58:16Z,RYR1TZ,"53.278381,26.992466",8775,295,108
1621763897,2021-05-23T09:58:17Z,RYR1TZ,"53.27792,26.994944",8775,295,106
1621763899,2021-05-23T09:58:19Z,RYR1TZ,"53.277126,27.000355",8775,295,103
1621763900,2021-05-23T09:58:20Z,RYR1TZ,"53.276962,27.001726",8750,294,101
1621763904,2021-05-23T09:58:24Z,RYR1TZ,"53.276138,27.01232",8725,291,93
1621763905,2021-05-23T09:58:25Z,RYR1TZ,"53.276093,27.013577",8725,291,93
1621763908,2021-05-23T09:58:28Z,RYR1TZ,"53.276058,27.019501",8700,291,90
1621763909,2021-05-23T09:58:29Z,RYR1TZ,"53.276104,27.021683",8675,290,89
1621763911,2021-05-23T09:58:31Z,RYR1TZ,"53.276321,27.026133",8650,289,85
1621763914,2021-05-23T09:58:34Z,RYR1TZ,"53.276962,27.033743",8625,287,81
1621763917,2021-05-23T09:58:37Z,RYR1TZ,"53.277557,27.039316",8600,285,79
1621763920,2021-05-23T09:58:40Z,RYR1TZ,"53.278477,27.047209",8550,284,78
1621763921,2021-05-23T09:58:41Z,RYR1TZ,"53.27861,27.048105",8550,284,78
1621763923,2021-05-23T09:58:43Z,RYR1TZ,"53.279251,27.053598",8525,283,78
1621763927,2021-05-23T09:58:47Z,RYR1TZ,"53.280167,27.060974",8475,281,78
1621763932,2021-05-23T09:58:52Z,RYR1TZ,"53.281456,27.071606",8425,279,78
1621763933,2021-05-23T09:58:53Z,RYR1TZ,"53.281677,27.073452",8425,279,78
1621763935,2021-05-23T09:58:55Z,RYR1TZ,"53.282181,27.077532",8400,279,78
1621763938,2021-05-23T09:58:58Z,RYR1TZ,"53.283005,27.08428",8400,280,78
1621763939,2021-05-23T09:58:59Z,RYR1TZ,"53.283272,27.086065",8375,280,78
1621763950,2021-05-23T09:59:10Z,RYR1TZ,"53.286903,27.109411",8300,277,72
1621763962,2021-05-23T09:59:22Z,RYR1TZ,"53.292297,27.13364",8175,276,69
1621763968,2021-05-23T09:59:28Z,RYR1TZ,"53.295189,27.146328",8100,276,68
1621763980,2021-05-23T09:59:40Z,RYR1TZ,"53.300858,27.169033",8025,274,64
1621763986,2021-05-23T09:59:46Z,RYR1TZ,"53.304825,27.179853",7975,270,56
1621763992,2021-05-23T09:59:52Z,RYR1TZ,"53.309433,27.190031",7925,270,52
1621763993,2021-05-23T09:59:53Z,RYR1TZ,"53.309807,27.190758",7900,270,52
1621763996,2021-05-23T09:59:56Z,RYR1TZ,"53.31221,27.195871",7875,269,51
1621763998,2021-05-23T09:59:58Z,RYR1TZ,"53.314316,27.200266",7850,269,51
1621764005,2021-05-23T10:00:05Z,RYR1TZ,"53.319031,27.210073",7800,269,51
1621764008,2021-05-23T10:00:08Z,RYR1TZ,"53.321503,27.215254",7775,270,51
1621764011,2021-05-23T10:00:11Z,RYR1TZ,"53.323772,27.220001",7750,270,51
1621764022,2021-05-23T10:00:22Z,RYR1TZ,"53.332989,27.23947",7650,271,51
1621764035,2021-05-23T10:00:35Z,RYR1TZ,"53.342579,27.259747",7550,270,51
1621764047,2021-05-23T10:00:47Z,RYR1TZ,"53.351936,27.279457",7450,268,51
1621764059,2021-05-23T10:00:59Z,RYR1TZ,"53.361572,27.298199",7350,266,45
1621764074,2021-05-23T10:01:14Z,RYR1TZ,"53.375259,27.319443",7225,264,42
1621764086,2021-05-23T10:01:26Z,RYR1TZ,"53.38578,27.335438",7125,265,42
1621764098,2021-05-23T10:01:38Z,RYR1TZ,"53.396805,27.352112",7025,264,42
1621764110,2021-05-23T10:01:50Z,RYR1TZ,"53.408249,27.369375",6900,264,42
1621764122,2021-05-23T10:02:02Z,RYR1TZ,"53.418648,27.385118",6800,264,42
1621764134,2021-05-23T10:02:14Z,RYR1TZ,"53.430084,27.402178",6700,263,41
1621764146,2021-05-23T10:02:26Z,RYR1TZ,"53.440384,27.417559",6600,262,41
1621764159,2021-05-23T10:02:39Z,RYR1TZ,"53.452072,27.435043",6500,261,41
1621764171,2021-05-23T10:02:51Z,RYR1TZ,"53.463043,27.45146",6425,262,41
1621764182,2021-05-23T10:03:02Z,RYR1TZ,"53.47316,27.466629",6325,262,41
1621764194,2021-05-23T10:03:14Z,RYR1TZ,"53.484009,27.482849",6225,260,41
1621764205,2021-05-23T10:03:25Z,RYR1TZ,"53.494247,27.498053",6125,260,41
1621764218,2021-05-23T10:03:38Z,RYR1TZ,"53.505753,27.515024",6000,260,41
1621764231,2021-05-23T10:03:51Z,RYR1TZ,"53.517151,27.532053",6000,259,41
1621764243,2021-05-23T10:04:03Z,RYR1TZ,"53.528091,27.548452",6000,260,41
1621764254,2021-05-23T10:04:14Z,RYR1TZ,"53.538116,27.563442",6000,262,41
1621764266,2021-05-23T10:04:26Z,RYR1TZ,"53.548759,27.579319",6000,261,41
1621764277,2021-05-23T10:04:37Z,RYR1TZ,"53.55835,27.593418",6000,261,41
1621764289,2021-05-23T10:04:49Z,RYR1TZ,"53.569382,27.609663",6000,262,41
1621764301,2021-05-23T10:05:01Z,RYR1TZ,"53.580555,27.626091",6000,262,41
1621764311,2021-05-23T10:05:11Z,RYR1TZ,"53.589958,27.640066",6000,262,41
1621764325,2021-05-23T10:05:25Z,RYR1TZ,"53.601177,27.659939",6000,263,53
1621764328,2021-05-23T10:05:28Z,RYR1TZ,"53.603271,27.665998",6000,265,61
1621764331,2021-05-23T10:05:31Z,RYR1TZ,"53.604576,27.670763",6000,266,65
1621764334,2021-05-23T10:05:34Z,RYR1TZ,"53.605927,27.677307",6000,267,72
1621764337,2021-05-23T10:05:37Z,RYR1TZ,"53.606781,27.683664",6000,267,78
1621764340,2021-05-23T10:05:40Z,RYR1TZ,"53.607368,27.689909",6000,267,81
1621764341,2021-05-23T10:05:41Z,RYR1TZ,"53.607414,27.69112",6000,267,80
1621764343,2021-05-23T10:05:43Z,RYR1TZ,"53.607697,27.696049",6000,267,84
1621764344,2021-05-23T10:05:44Z,RYR1TZ,"53.607742,27.697018",6000,267,84
1621764350,2021-05-23T10:05:50Z,RYR1TZ,"53.608299,27.710186",6000,266,86
1621764352,2021-05-23T10:05:52Z,RYR1TZ,"53.608475,27.714582",6000,266,86
1621764354,2021-05-23T10:05:54Z,RYR1TZ,"53.608627,27.717859",6000,266,86
1621764355,2021-05-23T10:05:55Z,RYR1TZ,"53.608719,27.720688",6000,266,86
1621764358,2021-05-23T10:05:58Z,RYR1TZ,"53.608952,27.726988",6000,266,86
1621764361,2021-05-23T10:06:01Z,RYR1TZ,"53.609184,27.73345",6000,265,86
1621764364,2021-05-23T10:06:04Z,RYR1TZ,"53.609325,27.738541",6000,265,86
1621764376,2021-05-23T10:06:16Z,RYR1TZ,"53.610214,27.764727",6000,266,86
1621764386,2021-05-23T10:06:26Z,RYR1TZ,"53.610859,27.785635",6000,267,86
1621764397,2021-05-23T10:06:37Z,RYR1TZ,"53.611511,27.80785",6000,266,87
1621764409,2021-05-23T10:06:49Z,RYR1TZ,"53.61232,27.832058",6000,266,86
1621764422,2021-05-23T10:07:02Z,RYR1TZ,"53.613235,27.858177",6000,268,86
1621764433,2021-05-23T10:07:13Z,RYR1TZ,"53.614212,27.883139",5875,269,86
1621764446,2021-05-23T10:07:26Z,RYR1TZ,"53.615097,27.909151",5700,269,86
1621764459,2021-05-23T10:07:39Z,RYR1TZ,"53.616074,27.937424",5500,268,86
1621764470,2021-05-23T10:07:50Z,RYR1TZ,"53.616806,27.959499",5375,268,86
1621764484,2021-05-23T10:08:04Z,RYR1TZ,"53.617889,27.989124",5175,267,86
1621764501,2021-05-23T10:08:21Z,RYR1TZ,"53.619148,28.022568",4975,265,86
1621764506,2021-05-23T10:08:26Z,RYR1TZ,"53.619507,28.034678",4875,265,86
1621764512,2021-05-23T10:08:32Z,RYR1TZ,"53.619938,28.046885",4800,265,86
1621764519,2021-05-23T10:08:39Z,RYR1TZ,"53.620544,28.061666",4700,264,84
1621764523,2021-05-23T10:08:43Z,RYR1TZ,"53.621147,28.067968",4650,264,81
1621764525,2021-05-23T10:08:45Z,RYR1TZ,"53.621704,28.072109",4625,265,75
1621764527,2021-05-23T10:08:47Z,RYR1TZ,"53.622452,28.076046",4600,264,72
1621764528,2021-05-23T10:08:48Z,RYR1TZ,"53.622849,28.077915",4600,265,70
1621764530,2021-05-23T10:08:50Z,RYR1TZ,"53.623711,28.081619",4550,265,67
1621764531,2021-05-23T10:08:51Z,RYR1TZ,"53.624222,28.083487",4550,265,65
1621764533,2021-05-23T10:08:53Z,RYR1TZ,"53.625824,28.088823",4500,265,62
1621764537,2021-05-23T10:08:57Z,RYR1TZ,"53.627666,28.094383",4425,265,60
1621764540,2021-05-23T10:09:00Z,RYR1TZ,"53.629528,28.099716",4375,265,59
1621764549,2021-05-23T10:09:09Z,RYR1TZ,"53.635345,28.116133",4225,264,59
1621764550,2021-05-23T10:09:10Z,RYR1TZ,"53.636044,28.118214",4200,265,59
1621764552,2021-05-23T10:09:12Z,RYR1TZ,"53.636929,28.1208",4175,265,59
1621764553,2021-05-23T10:09:13Z,RYR1TZ,"53.637909,28.123627",4150,265,59
1621764555,2021-05-23T10:09:15Z,RYR1TZ,"53.63884,28.126211",4125,264,59
1621764557,2021-05-23T10:09:17Z,RYR1TZ,"53.64006,28.129709",4100,263,59
1621764560,2021-05-23T10:09:20Z,RYR1TZ,"53.642097,28.135744",4050,263,59
1621764561,2021-05-23T10:09:21Z,RYR1TZ,"53.642761,28.137556",4025,263,59
1621764567,2021-05-23T10:09:27Z,RYR1TZ,"53.646427,28.148024",3925,261,59
1621764574,2021-05-23T10:09:34Z,RYR1TZ,"53.650616,28.159897",3825,260,58
1621764581,2021-05-23T10:09:41Z,RYR1TZ,"53.655132,28.172581",3725,258,59
1621764589,2021-05-23T10:09:49Z,RYR1TZ,"53.659653,28.185268",3675,254,58
1621764597,2021-05-23T10:09:57Z,RYR1TZ,"53.664955,28.199804",3600,253,58
1621764603,2021-05-23T10:10:03Z,RYR1TZ,"53.668625,28.209751",3525,253,57
1621764610,2021-05-23T10:10:10Z,RYR1TZ,"53.672684,28.220726",3450,255,58
1621764616,2021-05-23T10:10:16Z,RYR1TZ,"53.676498,28.231148",3350,253,58
1621764622,2021-05-23T10:10:22Z,RYR1TZ,"53.680023,28.241062",3275,255,59
1621764630,2021-05-23T10:10:30Z,RYR1TZ,"53.685196,28.25613",3150,255,59
1621764636,2021-05-23T10:10:36Z,RYR1TZ,"53.688995,28.266253",3100,254,56
1621764640,2021-05-23T10:10:40Z,RYR1TZ,"53.691441,28.271538",3125,252,49
1621764642,2021-05-23T10:10:42Z,RYR1TZ,"53.693527,28.275198",3100,251,47
1621764643,2021-05-23T10:10:43Z,RYR1TZ,"53.693909,28.27582",3100,250,44
1621764646,2021-05-23T10:10:46Z,RYR1TZ,"53.696732,28.279829",3100,249,38
1621764649,2021-05-23T10:10:49Z,RYR1TZ,"53.699066,28.282576",3100,248,35
1621764651,2021-05-23T10:10:51Z,RYR1TZ,"53.701778,28.285191",3100,246,30
1621764652,2021-05-23T10:10:52Z,RYR1TZ,"53.702316,28.285715",3100,245,28
1621764654,2021-05-23T10:10:54Z,RYR1TZ,"53.704895,28.287775",3100,245,26
1621764655,2021-05-23T10:10:55Z,RYR1TZ,"53.70578,28.288502",3100,244,25
1621764660,2021-05-23T10:11:00Z,RYR1TZ,"53.71106,28.292227",3100,245,22
1621764664,2021-05-23T10:11:04Z,RYR1TZ,"53.714581,28.294724",3100,246,22
1621764667,2021-05-23T10:11:07Z,RYR1TZ,"53.717651,28.296824",3100,245,22
1621764670,2021-05-23T10:11:10Z,RYR1TZ,"53.721653,28.299488",3100,242,21
1621764672,2021-05-23T10:11:12Z,RYR1TZ,"53.72374,28.300703",3100,240,19
1621764673,2021-05-23T10:11:13Z,RYR1TZ,"53.724747,28.301174",3100,238,18
1621764676,2021-05-23T10:11:16Z,RYR1TZ,"53.72731,28.302114",3100,234,13
1621764679,2021-05-23T10:11:19Z,RYR1TZ,"53.730362,28.302639",3100,227,3
1621764685,2021-05-23T10:11:25Z,RYR1TZ,"53.736504,28.30167",3100,216,348
1621764688,2021-05-23T10:11:28Z,RYR1TZ,"53.739349,28.300232",3100,212,340
1621764691,2021-05-23T10:11:31Z,RYR1TZ,"53.742096,28.298035",3100,207,332
1621764694,2021-05-23T10:11:34Z,RYR1TZ,"53.744385,28.295523",3100,204,323
1621764698,2021-05-23T10:11:38Z,RYR1TZ,"53.746948,28.291365",3100,200,315
1621764703,2021-05-23T10:11:43Z,RYR1TZ,"53.749725,28.284706",3100,196,302
1621764705,2021-05-23T10:11:45Z,RYR1TZ,"53.750751,28.281717",3100,195,300
1621764706,2021-05-23T10:11:46Z,RYR1TZ,"53.751297,28.280222",3100,196,299
1621764708,2021-05-23T10:11:48Z,RYR1TZ,"53.752258,28.277395",3100,196,299
1621764709,2021-05-23T10:11:49Z,RYR1TZ,"53.752487,28.27669",3100,196,299
1621764718,2021-05-23T10:11:58Z,RYR1TZ,"53.756973,28.264212",3100,200,302
1621764722,2021-05-23T10:12:02Z,RYR1TZ,"53.758526,28.260067",3100,200,302
1621764724,2021-05-23T10:12:04Z,RYR1TZ,"53.759628,28.257151",3100,198,301
1621764725,2021-05-23T10:12:05Z,RYR1TZ,"53.760361,28.25511",3100,198,301
1621764727,2021-05-23T10:12:07Z,RYR1TZ,"53.761276,28.252598",3100,198,301
1621764741,2021-05-23T10:12:21Z,RYR1TZ,"53.768143,28.235178",3125,195,308
1621764747,2021-05-23T10:12:27Z,RYR1TZ,"53.772118,28.228561",3125,206,317
1621764752,2021-05-23T10:12:32Z,RYR1TZ,"53.775608,28.223635",3150,209,321
1621764757,2021-05-23T10:12:37Z,RYR1TZ,"53.779984,28.217899",3125,205,322
1621764761,2021-05-23T10:12:41Z,RYR1TZ,"53.782333,28.214853",3125,202,321
1621764767,2021-05-23T10:12:47Z,RYR1TZ,"53.786827,28.208529",3125,196,319
1621764780,2021-05-23T10:13:00Z,RYR1TZ,"53.795628,28.195442",2975,186,318
1621764788,2021-05-23T10:13:08Z,RYR1TZ,"53.800514,28.188334",2825,185,319
1621764797,2021-05-23T10:13:17Z,RYR1TZ,"53.806286,28.179932",2700,178,318
1621764806,2021-05-23T10:13:26Z,RYR1TZ,"53.812042,28.171143",2550,173,318
1621764819,2021-05-23T10:13:39Z,RYR1TZ,"53.819778,28.16",2375,168,319
1621764829,2021-05-23T10:13:49Z,RYR1TZ,"53.825317,28.151682",2225,165,318
1621764849,2021-05-23T10:14:09Z,RYR1TZ,"53.836807,28.134653",1925,162,318
1621764860,2021-05-23T10:14:20Z,RYR1TZ,"53.842529,28.126333",1775,154,319
1621764870,2021-05-23T10:14:30Z,RYR1TZ,"53.847839,28.118408",1650,148,318
1621764880,2021-05-23T10:14:40Z,RYR1TZ,"53.852886,28.111025",1500,146,319
1621764907,2021-05-23T10:15:07Z,RYR1TZ,"53.866386,28.09083",1150,140,318
1621764922,2021-05-23T10:15:22Z,RYR1TZ,"53.873882,28.079924",975,144,318
1621764934,2021-05-23T10:15:34Z,RYR1TZ,"53.8797,28.071245",850,144,318
1621764990,2021-05-23T10:16:30Z,RYR1TZ,"53.895962,28.047075",0,37,315
1621764995,2021-05-23T10:16:35Z,RYR1TZ,"53.89653,28.046036",0,31,306
1621765007,2021-05-23T10:16:47Z,RYR1TZ,"53.897202,28.043854",0,23,289
1621765062,2021-05-23T10:17:42Z,RYR1TZ,"53.895092,28.044329",0,23,137
1621765068,2021-05-23T10:17:48Z,RYR1TZ,"53.894554,28.045134",0,25,137
1621765074,2021-05-23T10:17:54Z,RYR1TZ,"53.894001,28.045956",0,26,137
1621765081,2021-05-23T10:18:01Z,RYR1TZ,"53.893291,28.047005",0,28,140
1621765273,2021-05-23T10:21:13Z,RYR1TZ,"53.887104,28.027693",0,24,317
1621765279,2021-05-23T10:21:19Z,RYR1TZ,"53.88763,28.026928",0,25,317
1621765291,2021-05-23T10:21:31Z,RYR1TZ,"53.888683,28.025356",0,25,317
1621765302,2021-05-23T10:21:42Z,RYR1TZ,"53.889221,28.024548",0,6,317
1621765367,2021-05-23T10:22:47Z,RYR1TZ,"53.889908,28.024298",0,8,39
